customer_id,first_name,last_name,company,city,country,phone_primary,phone_secondary,email,subscription_date,website
DD37CF93AECA6DC,Sheryl,Baxter,Rasmussen Group,East Leonard,Chile,2290775154,3978840519718,zunigavanessa@smith.info,2020-08-24,http://www.stephenson.com/
1EF7B82A4CAAD10,Preston,Lozano,Vega-Gentry,East Jimmychester,Djibouti,5153435776,6866201820944,vmata@colon.com,2021-04-23,http://www.hobbs.com/
6F94879BDAFE5A6,Roy,Berry,Murillo-Perry,Isabelborough,Antigua And Barbuda,15394020259,496978396958947,beckycarr@hogan.com,2020-03-25,http://www.lawrence.com/
5CEF8BFA16C5E3C,Linda,Olsen,"Dominguez, Mcmillan And Donovan",Bensonview,Dominican Republic,001808617646712895,18133248756,stanleyblackwell@benson.org,2020-06-02,http://www.good-lyons.com/
053D585AB6B3159,Joanna,Bender,"Martin, Lang And Andrade",West Priscilla,Slovakia (Slovak Republic),001234203063576146,00119944638603486,colinalvarado@miles.net,2021-04-17,https://goodwin-ingram.com/
2D08FB17EE273F4,Aimee,Downs,Steele Group,Chavezborough,Bosnia And Herzegovina,283437388688321,9997281637,louis27@gilbert.com,2020-02-25,http://www.berger.net/
EA4D384DFDBBF77,Darren,Peck,"Lester, Woodard And Mitchell",Lake Ana,Pitcairn Islands,49645261813291,124726609634995,tgates@cantrell.com,2021-08-24,https://www.le.com/
0E04AFDE9F225DE,Brett,Mullen,"Sanford, Davenport And Giles",Kimport,Bulgaria,0015833527197297,0013331450369,asnow@colon.com,2021-04-12,https://hammond-ramsey.com/
C2DE4DEEC489AE0,Sheryl,Meyers,Browning-Simon,Robersonstad,Cyprus,85413849115772,14489102276729,mariokhan@ryan-pope.org,2020-01-13,https://www.bullock.net/
8C2811A503C7C5A,Michelle,Gallagher,Beck-Hendrix,Elaineberg,Timor-Leste,7392182516459,0010544010347617,mdyer@escobar.net,2021-11-08,https://arias.com/
216E205D6EBB815,Carl,Schroeder,"Oconnell, Meza And Everett",Shannonville,Guernsey,6378540256825,1143360784788,kirksalas@webb.com,2021-10-20,https://simmons-hurley.com/
CEDEC94DEE6D69B,Jenna,Dodson,"Hoffman, Reed And Mcclain",East Andrea,Vietnam,0417373846,1556888348542608,mark42@robbins.com,2020-11-29,http://www.douglas.net/
E35426EBDECEAFF,Tracey,Mata,Graham-Francis,South Joannamouth,Togo,0019498448787,8557138773,alex56@walls.org,2021-12-02,http://www.beck.com/
A08A8AF8BE9FAD4,Kristine,Cox,Carpenter-Cook,Jodyberg,Sri Lanka,786284335862152,131562717968074,holdenmiranda@clarke.com,2021-02-08,https://www.brandt.com/
6FEAA1B7CAB7B6C,Faith,Lutz,Carter-Hancock,Burchbury,Singapore,78186171808306,2071853665,cassieparrish@blevins-chapman.net,2022-01-26,http://stevenson.org/
8CAD0B4CBCEAEEC,Miranda,Beasley,Singleton And Sons,Desireeshire,Oman,5400853135185,1600462643221881,vduncan@parks-hardy.com,2022-04-12,http://acosta.org/
A5DC21AE3A21EAA,Caroline,Foley,Winters-Mendoza,West Adriennestad,Western Sahara,93622247469924,0014699486341359,holtgwendolyn@watson-davenport.com,2021-03-10,http://www.benson-roth.com/
F8AA9D6DFCBEEF8,Greg,Mata,Valentine Llc,Lake Leslie,Mozambique,7010872415,195156186126241,jaredjuarez@carroll.org,2022-03-26,http://pitts-cherry.com/
F160F5DB3EFE973,Clifford,Jacobson,Simon Llc,Harmonview,South Georgia And The South Sandwich Islands,00115133035240469,7484777174,joseph26@jacobson.com,2020-09-24,https://mcconnell.com/
0F60FF3DDCD7AB0,Joanna,Kirk,Mays-Mccormick,Jamesshire,French Polynesia,2661317001711,283312557911543,tuckerangie@salazar.net,2021-09-24,https://www.camacho.net/
9F9ADB7B8A6F7F2,Maxwell,Frye,Patterson Inc,East Carly,Malta,4232623059,20288006887491,fgibson@drake-webb.com,2022-01-12,http://www.roberts.com/
FBD0DED4F02A742,Kiara,Houston,"Manning, Hester And Arroyo",South Alvin,Netherlands,001274040358210611,152817509734684,blanchardbob@wallace-shannon.com,2020-09-15,https://www.reid-potts.com/
2FB0FAA1D429421,Colleen,Howard,Greer And Sons,Brittanyview,Paraguay,1935085151,94711577115488,rsingleton@ryan-cherry.com,2020-08-19,http://paul.biz/
010468DAA11382C,Janet,Valenzuela,Watts-Donaldson,Veronicamouth,Lao People'S Democratic Republic,35425950627538,5004332022,stefanie71@spence.com,2020-09-08,https://moreno.biz/
EC1927CA84E033E,Shane,Wilcox,Tucker Llc,Bryanville,Albania,429005903011004,5411164501,mariah88@santos.com,2021-04-06,https://www.ramos.com/
09D7D7C8FE09AEA,Marcus,Moody,Giles Ltd,Kaitlyntown,Panama,6746778623,9092775485566,donnamullins@norris-barrett.org,2022-05-24,https://www.curry.com/
ABDFCF2C50B0BFD,Dakota,Poole,Simmons Group,Michealshire,Belarus,37198785764720,0711521376,stacey67@fields.org,2022-02-20,https://sanford-wilcox.biz/
B92EBFDF8A3F0E6,Frederick,Harper,"Hinton, Chaney And Stokes",South Marissatown,Switzerland,107712115580687,2647427149,jacobkhan@bright.biz,2022-05-26,https://callahan.org/
3B5DAAFA41AFA22,Stefanie,Fitzpatrick,Santana-Duran,Acevedoville,Saint Vincent And The Grenadines,7527763286,1472021481485074,wterrell@clark.com,2020-07-30,https://meyers.com/
EDA69CA7A6E96A2,Kent,Bradshaw,Sawyer Plc,North Harold,Tanzania,14721435037884,1269226153,qjimenez@boyd.com,2020-04-26,http://maynard-ho.com/
64DCCDFAB9DFD4E,Jack,Tate,"Acosta, Petersen And Morrow",West Samuel,Zimbabwe,965108440620714,04690614426784,gfigueroa@boone-zavala.com,2021-09-15,http://www.hawkins-ramsey.com/
679C6C83DD872D6,Tom,Trujillo,Mcgee Group,Cunninghamborough,Denmark,4163383758,7758907209,tapiagreg@beard.info,2022-01-13,http://www.daniels-klein.com/
7CE381E4AFA4BA9,Gabriel,Mejia,Adkins-Salinas,Port Annatown,Liechtenstein,4077245425,646044069666800,coleolson@jennings.net,2021-04-24,https://patel-hanson.info/
A09AEC6E3BF70EE,Kaitlyn,Santana,Herrera Group,New Kaitlyn,United States Of America,6303643286,447710620207313,georgeross@miles.org,2021-09-21,http://pham.com/
AA9BAFFBC3710FE,Faith,Moon,"Waters, Chase And Aguilar",West Marthaburgh,Bahamas,158621703596317,18181991403,willistonya@randolph-baker.com,2021-11-03,https://spencer-charles.info/
E11DFB2DB8C9F72,Tammie,Haley,"Palmer, Barnes And Houston",East Teresa,Belize,00127673441136087,4303008770,harrisisaiah@jenkins.com,2022-01-04,http://evans-simon.com/
889ECF90F68C5DA,Nicholas,Sosa,Jordan Ltd,South Hunter,Uruguay,6614256042,9759981519,fwolfe@dorsey.com,2021-08-10,https://www.fleming-richards.com/
7A1EE69F4FF4B4D,Jordan,Gay,Glover And Sons,South Walter,Solomon Islands,7208417020,8035336772,tiffanydavies@harris-mcfarland.org,2021-02-24,http://www.lee.org/
DCA4F1D0A0FC5C9,Bruce,Esparza,Huerta-Mclean,Poolefurt,Montenegro,5595294424,00162500071320367,preese@frye-vega.com,2021-10-22,http://www.farley.org/
17AD8E2DB3DF03D,Sherry,Garza,Anderson Ltd,West John,Poland,0010677136440158,97828987855766,ann48@miller.com,2021-11-01,http://spence.com/
2F79CD309624ABB,Natalie,Gentry,Monroe Plc,West Darius,Dominican Republic,8309968238,4991225415,tcummings@fitzpatrick-ashley.com,2020-10-10,http://www.dorsey.biz/
6E5AD5A5E2BB5CA,Bryan,Dunn,Kaufman And Sons,North Jimstad,Burkina Faso,0017108025565,078699898213881,woodwardandres@phelps.com,2021-09-08,http://www.butler.com/
7E441B6B228DBCA,Wayne,Simpson,Perkins-Trevino,East Rebekahborough,Bolivia,34415686321869,463445370238463,barbarapittman@holder.com,2020-12-13,https://gillespie-holder.com/
D3FC11A9C235DC6,Luis,Greer,Cross Plc,North Drew,Bulgaria,0013360256849701,68469829116092,bstuart@williamson-mcclure.com,2022-05-15,https://fletcher-nielsen.com/
30DFA48FE5EDE78,Rhonda,Frost,"Herrera, Shepherd And Underwood",Lake Lindaburgh,Monaco,1270819339,143102833373492,zkrueger@wolf-chavez.net,2021-12-06,http://www.khan.com/
FD780ED8DBEAE7B,Joanne,Montes,"Price, Sexton And Mcdaniel",Gwendolynview,Palau,8977267952,46788694675721,juan80@henson.net,2020-07-01,http://ochoa.com/
300A40D3CE24BBA,Geoffrey,Guzman,Short-Wiggins,Zimmermanland,Uzbekistan,9752358921269,9831886873,bauercrystal@gay.com,2020-04-23,https://decker-kline.com/
283DFCD0DBA40AF,Gloria,Mccall,"Brennan, Acosta And Ramos",North Kerriton,Ghana,4456036729,00139595947364524,bartlettjenna@zuniga-moss.biz,2022-03-11,http://burgess-frank.com/
F4FC91FEAEAD286,Brady,Cohen,Osborne-Erickson,North Eileenville,United Arab Emirates,7418490139524,102869174970894,mccalltyrone@durham-rose.biz,2022-03-10,http://hammond-barron.com/
80F33FD2ACEBF05,Latoya,Mccann,"Hobbs, Garrett And Sanford",Port Sergiofort,Belarus,530287454829481,162234024932790,bobhammond@barry.biz,2021-12-02,https://www.burton.com/
AA20BDE68EAB0E9,Gerald,Hawkins,"Phelps, Forbes And Koch",New Alberttown,Canada,1323239145696168,0925080269,uwarner@steele-arias.com,2021-03-19,https://valenzuela.com/
E898EEB1B9FE22B,Samuel,Crawford,"May, Goodwin And Martin",South Jasmine,Algeria,8022427457,62611695358578,xpittman@ritter-carney.net,2021-03-27,https://guerrero.org/
FACEF517AE7D8EB,Patricia,Goodwin,"Christian, Winters And Ellis",Cowanfort,Swaziland,322549713970040,1117414173,vaughanchristy@lara.biz,2021-03-08,http://clark.info/
C09952DE6CDA8AA,Stacie,Richard,Byrd Inc,New Deborah,Madagascar,001622948364124810,00173116828938891,clinton85@colon-arias.org,2020-10-15,https://kim.com/
F3BEF3BE028166F,Robin,West,"Nixon, Blackwell And Sosa",Wallstown,Ecuador,6983034267,0016838377651525,greenemiranda@zimmerman.com,2022-01-13,https://www.mora.com/
C6F2FC6A7948A4E,Ralph,Haas,Montes Plc,Lake Ellenchester,Palestinian Territory,2239271999,0019624340867649,goodmancesar@figueroa.biz,2020-05-25,http://may.com/
C8FE57CBBDCDCB2,Phyllis,Maldonado,Costa Plc,Lake Whitney,Saint Barthelemy,4500370767,0015080646725017,yhanson@warner-diaz.org,2021-01-25,http://www.bernard.com/
B5ACDFC982124F2,Danny,Parrish,Novak Llc,East Jaredbury,United Arab Emirates,66938485978794,5067315952571,howelldarren@house-cohen.com,2021-03-17,http://www.parsons-hudson.com/
8C7DDF10798BCC3,Kathy,Hill,"Moore, Mccoy And Glass",Selenabury,South Georgia And The South Sandwich Islands,0011717162175310,8886250654,ncamacho@boone-simmons.org,2020-11-15,http://hayden.com/
C681DDD0CC422F7,Kelli,Hardy,Petty Ltd,Huangfort,Sao Tome And Principe,02032421912022,4241578216,kristopher62@oliver.com,2020-12-20,http://www.kidd.com/
A940CE42E035F28,Lynn,Pham,"Brennan, Camacho And Tapia",East Pennyshire,Portugal,8464686834611,0012486910006,mpham@rios-guzman.com,2020-08-21,https://www.murphy.com/
9CF5E6AFE0AEBFD,Shelley,Harris,"Prince, Malone And Pugh",Port Jasminborough,Togo,42309803158373,1386458894415194,zachary96@mitchell-bryant.org,2020-12-10,https://www.ryan.com/
AECBE5365BBC67D,Eddie,Jimenez,Caldwell Group,West Kristine,Ethiopia,123565710736306,02640173532417,kristiwhitney@bernard.com,2022-03-24,http://cherry.com/
FCBDFCEAE20A8DC,Chloe,Hutchinson,Simon Llc,South Julia,Netherlands,9815449452,12885524666060,leah85@sutton-terrell.com,2022-05-15,https://mitchell.info/
636CBF0835E10FF,Eileen,Lynch,"Knight, Abbott And Hubbard",Helenborough,Liberia,1158951413153578,0016737796713680,levigiles@vincent.com,2021-01-02,http://mckay.com/
FF1B6C9E8FBF1FF,Fernando,Lambert,Church-Banks,Lake Nancy,Lithuania,4978299038,3863743398,fisherlinda@schaefer.net,2021-04-23,https://www.vang.com/
2A13F74EAA7DA6C,Makayla,Cannon,Henderson Inc,Georgeport,New Caledonia,001215801639246009,0276096460,scottcurtis@hurley.biz,2020-01-20,http://www.velazquez.net/
A014EC1B9FCCC1E,Tom,Alvarado,Donaldson-Dougherty,South Sophiaberg,Kiribati,58560629802258,73079735945614,nicholsonnina@montgomery.info,2020-08-18,http://odom-massey.com/
421A109CABDF5FA,Virginia,Dudley,Warren Ltd,Hartbury,French Southern Territories,027846370514184,143917118464636,zvalencia@phelps.com,2021-01-31,http://hunter-esparza.com/
CC68FD1D3BBBF22,Riley,Good,Wade Plc,Erikaville,Canada,6977745822,8554367641,alex06@galloway.com,2020-02-03,http://conway.org/
CBCD2AC8E3EBDF9,Alexandria,Buck,Keller-Coffey,Nicolasfort,Iran,078900476076668,414112870068751,lee48@manning.com,2021-02-20,https://ramsey.org/
EF859092FBECC07,Richard,Roth,Conway-Mcbride,New Jasmineshire,Morocco,5814406539,9857827463,aharper@maddox-townsend.org,2020-02-23,https://www.brooks.com/
F560F2D3CDFB618,Candice,Keller,Huynh And Sons,East Summerstad,Zimbabwe,001927965855092406,001243038427153076,buckleycory@odonnell.net,2020-08-22,https://www.lucero.com/
A3F76BE153DF4A3,Anita,Benson,Parrish Ltd,Skinnerport,Russian Federation,874617566869878,39982064180071,angie04@oconnell.com,2020-02-09,http://oconnor.com/
D01AF0AF7CBBFEA,Regina,Stein,Guzman-Brown,Raystad,Solomon Islands,00146984807244407,001085360442600357,zrosario@rojas-hardin.net,2022-01-15,http://www.johnston.info/
D40E89DCADE7B2F,Debra,Riddle,"Chang, Aguirre And Leblanc",Colinhaven,United States Virgin Islands,1768182601414336,3039614491,shieldskerry@robles.com,2020-07-11,http://kaiser.info/
BF6A1F9BD1BF8DE,Brittany,Zuniga,Mason-Hester,West Reginald,Kyrgyz Republic,0501369025,00148085124960157,mchandler@cochran-huerta.org,2021-07-24,http://www.boyle.com/
FFAEFFBBBF280DB,Cassidy,Mcmahon,"Mcguire, Huynh And Hopkins",Lake Sherryborough,Myanmar,5040771311,68468200211326,katrinalane@fitzgerald.com,2020-10-21,https://hurst.com/
CBAE1D1E9A8DCB1,Laurie,Pennington,"Sanchez, Marsh And Hale",Port Katherineville,Dominica,0071553406553,18098625566277,cookejill@powell.com,2020-06-08,http://www.hebert.com/
A7F85C1DE4DB87F,Alejandro,Blair,"Combs, Waller And Durham",Thomasland,Iceland,690068464151468,55550986912329,elizabethbarr@ewing.com,2020-09-19,https://mercado-blevins.com/
D6CEAFB3BDBAA1A,Leslie,Jennings,Blankenship-Arias,Coreybury,Micronesia,6291986346,0752560829,corey75@wiggins.com,2021-11-13,https://www.juarez.com/
EBDB6F6F7C90B69,Kathleen,Mckay,"Coffey, Lamb And Johnson",Lake Janiceton,Saint Vincent And The Grenadines,7339109968,69124741280665,chloelester@higgins-wilkinson.com,2021-09-12,http://www.owens-mooney.com/
E8E7E8CFE516EF0,Hunter,Moreno,Fitzpatrick-Lawrence,East Clinton,Isle Of Man,7338336754,0017610137121,isaac26@benton-finley.com,2020-12-28,http://walls.info/
78C06E9B6B3DF20,Chad,Davidson,Garcia-Jimenez,South Joshuashire,Oman,8275702958,8048424715,justinwalters@jimenez.com,2021-11-15,http://www.garner-oliver.com/
03A1E62ADDEB31C,Corey,Holt,"Mcdonald, Bird And Ramirez",New Glenda,Fiji,00143924249867918,3162708934,maurice46@morgan.com,2020-02-18,http://www.watson.com/
C6763C99D0BD16D,Emma,Cunningham,Stephens Inc,North Jillianview,New Zealand,128059020660217,31216445452284,walter83@juarez.org,2022-05-13,http://www.reid.info/
EBE77E5BF9476CE,Duane,Woods,Montoya-Miller,Lyonsberg,Maldives,63654477837288,20328710035932,kmercer@wagner.com,2020-07-21,http://murray.org/
E4BBCD8AD81FC5F,Alison,Vargas,"Vaughn, Watts And Leach",East Cristinabury,Benin,3652738144,05330876536287,vcantu@norton.com,2020-11-10,http://mason.info/
EFEB73245CDF1FF,Vernon,Kane,Carter-Strickland,Thomasfurt,Yemen,1148541159555,4996084612,hilljesse@barrett.info,2021-04-15,http://www.duffy-hensley.net/
37EC4B395641C1E,Lori,Flowers,Decker-Mcknight,North Joeburgh,Namibia,6794151210,94584236594581,tyrone77@valenzuela.info,2021-01-09,http://www.deleon-crosby.com/
5EF6D3EEFDD43BE,Nina,Chavez,Byrd-Campbell,Cassidychester,Bhutan,0533443205,13309205422571,elliserica@frank.com,2020-03-26,https://www.pugh.com/
98B3AEDCC3B9FF3,Shane,Foley,Rocha-Hart,South Dannymouth,Hungary,18225690302,001626114584455073,nsteele@sparks.com,2021-07-06,https://www.holt-sparks.com/
AAB6AFC7AFD0FF3,Collin,Ayers,Lamb-Peterson,South Lonnie,Anguilla,4046455351012,00125758288508516,dudleyemily@gonzales.biz,2021-06-29,http://www.ruiz.com/
54B5B5FE9F1B6C5,Sherry,Young,"Lee, Lucero And Johnson",Frankchester,Solomon Islands,1586871764,4383756207003,alan79@gates-mclaughlin.com,2021-04-04,https://travis.net/
BE91A0BDCA49BBC,Darrell,Douglas,"Newton, Petersen And Mathis",Daisyborough,Mali,00108484595241777,0017695646303,grayjean@lowery-good.com,2022-02-17,https://banks.biz/
CB8E23E48D22EAE,Karl,Greer,Carey Llc,East Richard,Guyana,188169167458692,0018412933519614,hhart@jensen.com,2022-01-30,http://hayes-perez.com/
CED220BDAACFADF,Lynn,Atkinson,"Ware, Burns And Oneal",New Bradview,Sri Lanka,18467062218,6054133198,vkemp@ferrell.com,2021-07-10,https://novak-allison.com/
28CDBC0DFE4B1DB,Fred,Guerra,Schmitt-Jones,Ortegaland,Solomon Islands,175306784197170,1632666750792121,swagner@kane.org,2021-09-18,https://www.ross.com/
C23D1D9EE8DEB0A,Yvonne,Farmer,Fitzgerald-Harrell,Lake Elijahview,Aruba,5303119786,001869452094312424,mccarthystephen@horn-green.biz,2021-08-11,http://watkins.info/
2354A0E336A91A1,Clarence,Haynes,"Le, Nash And Cross",Judymouth,Honduras,7538136941,7836391472,colleen91@faulkner.biz,2020-03-11,http://www.hatfield-saunders.net/
